<?xml version="1.0" encoding="UTF-8"?>
<metadata xml:lang="en"><Esri><CreaDate>20120111</CreaDate><CreaTime>11252600</CreaTime><ArcGISFormat>1.0</ArcGISFormat><SyncOnce>FALSE</SyncOnce><DataProperties><itemProps><itemName Sync="TRUE">testfull</itemName><imsContentType Sync="TRUE">002</imsContentType><itemSize Sync="TRUE">0.000</itemSize><itemLocation><linkage Sync="TRUE">file://\\MNSEALXP322306\C$\Temp\testfull.shp</linkage><protocol Sync="TRUE">Local Area Network</protocol></itemLocation></itemProps><coordRef><type Sync="TRUE">Projected</type><geogcsn Sync="TRUE">GCS_North_American_1983</geogcsn><projcsn Sync="TRUE">NAD_1983_UTM_Zone_11N</projcsn><peXml Sync="TRUE">&lt;ProjectedCoordinateSystem xsi:type='typens:ProjectedCoordinateSystem' xmlns:xsi='http://www.w3.org/2001/XMLSchema-instance' xmlns:xs='http://www.w3.org/2001/XMLSchema' xmlns:typens='http://www.esri.com/schemas/ArcGIS/10.0'&gt;&lt;WKT&gt;PROJCS[&amp;quot;NAD_1983_UTM_Zone_11N&amp;quot;,GEOGCS[&amp;quot;GCS_North_American_1983&amp;quot;,DATUM[&amp;quot;D_North_American_1983&amp;quot;,SPHEROID[&amp;quot;GRS_1980&amp;quot;,6378137.0,298.257222101]],PRIMEM[&amp;quot;Greenwich&amp;quot;,0.0],UNIT[&amp;quot;Degree&amp;quot;,0.0174532925199433]],PROJECTION[&amp;quot;Transverse_Mercator&amp;quot;],PARAMETER[&amp;quot;False_Easting&amp;quot;,500000.0],PARAMETER[&amp;quot;False_Northing&amp;quot;,0.0],PARAMETER[&amp;quot;Central_Meridian&amp;quot;,-117.0],PARAMETER[&amp;quot;Scale_Factor&amp;quot;,0.9996],PARAMETER[&amp;quot;Latitude_Of_Origin&amp;quot;,0.0],UNIT[&amp;quot;Meter&amp;quot;,1.0],AUTHORITY[&amp;quot;EPSG&amp;quot;,26911]]&lt;/WKT&gt;&lt;XOrigin&gt;-5120900&lt;/XOrigin&gt;&lt;YOrigin&gt;-9998100&lt;/YOrigin&gt;&lt;XYScale&gt;450445547.3910538&lt;/XYScale&gt;&lt;ZOrigin&gt;-100000&lt;/ZOrigin&gt;&lt;ZScale&gt;10000&lt;/ZScale&gt;&lt;MOrigin&gt;-100000&lt;/MOrigin&gt;&lt;MScale&gt;10000&lt;/MScale&gt;&lt;XYTolerance&gt;0.001&lt;/XYTolerance&gt;&lt;ZTolerance&gt;0.001&lt;/ZTolerance&gt;&lt;MTolerance&gt;0.001&lt;/MTolerance&gt;&lt;HighPrecision&gt;true&lt;/HighPrecision&gt;&lt;WKID&gt;26911&lt;/WKID&gt;&lt;/ProjectedCoordinateSystem&gt;</peXml></coordRef><lineage><Process ToolSource="C:\Program Files\ArcGIS\Desktop10.0\ArcToolbox\Toolboxes\Conversion Tools.tbx\FeatureClassToFeatureClass" Date="20120111" Time="112527">FeatureClassToFeatureClass C:\Temp\USFS_SHEEP_DATA\Habitat_preference\Habitat_Pref.gdb\Asotin_included_hab_pref C:\Temp testfull.shp # "OBJECTID "OBJECTID" true true false 4 Long 0 0 ,First,#,C:\Temp\USFS_SHEEP_DATA\Habitat_preference\Habitat_Pref.gdb\Asotin_included_hab_pref,OBJECTID,-1,-1;TYPE "TYPE" true true false 9 Text 0 0 ,First,#,C:\Temp\USFS_SHEEP_DATA\Habitat_preference\Habitat_Pref.gdb\Asotin_included_hab_pref,TYPE,-1,-1;DATE_ "DATE_" true true false 8 Date 0 0 ,First,#,C:\Temp\USFS_SHEEP_DATA\Habitat_preference\Habitat_Pref.gdb\Asotin_included_hab_pref,DATE_,-1,-1;TIME "TIME" true true false 4 Long 0 0 ,First,#,C:\Temp\USFS_SHEEP_DATA\Habitat_preference\Habitat_Pref.gdb\Asotin_included_hab_pref,TIME,-1,-1;FREQ "FREQ" true true false 8 Double 0 0 ,First,#,C:\Temp\USFS_SHEEP_DATA\Habitat_preference\Habitat_Pref.gdb\Asotin_included_hab_pref,FREQ,-1,-1;ID "ID" true true false 12 Text 0 0 ,First,#,C:\Temp\USFS_SHEEP_DATA\Habitat_preference\Habitat_Pref.gdb\Asotin_included_hab_pref,ID,-1,-1;LOCATION "LOCATION" true true false 74 Text 0 0 ,First,#,C:\Temp\USFS_SHEEP_DATA\Habitat_preference\Habitat_Pref.gdb\Asotin_included_hab_pref,LOCATION,-1,-1;POINT_X "POINT_X" true true false 8 Double 0 0 ,First,#,C:\Temp\USFS_SHEEP_DATA\Habitat_preference\Habitat_Pref.gdb\Asotin_included_hab_pref,POINT_X,-1,-1;POINT_Y "POINT_Y" true true false 8 Double 0 0 ,First,#,C:\Temp\USFS_SHEEP_DATA\Habitat_preference\Habitat_Pref.gdb\Asotin_included_hab_pref,POINT_Y,-1,-1;VISUAL "VISUAL" true true false 7 Text 0 0 ,First,#,C:\Temp\USFS_SHEEP_DATA\Habitat_preference\Habitat_Pref.gdb\Asotin_included_hab_pref,VISUAL,-1,-1;GRPSZ "GRPSZ" true true false 4 Long 0 0 ,First,#,C:\Temp\USFS_SHEEP_DATA\Habitat_preference\Habitat_Pref.gdb\Asotin_included_hab_pref,GRPSZ,-1,-1;EWE "EWE" true true false 4 Long 0 0 ,First,#,C:\Temp\USFS_SHEEP_DATA\Habitat_preference\Habitat_Pref.gdb\Asotin_included_hab_pref,EWE,-1,-1;YEWE "YEWE" true true false 6 Text 0 0 ,First,#,C:\Temp\USFS_SHEEP_DATA\Habitat_preference\Habitat_Pref.gdb\Asotin_included_hab_pref,YEWE,-1,-1;LAMB "LAMB" true true false 4 Long 0 0 ,First,#,C:\Temp\USFS_SHEEP_DATA\Habitat_preference\Habitat_Pref.gdb\Asotin_included_hab_pref,LAMB,-1,-1;YRRAM "YRRAM" true true false 7 Text 0 0 ,First,#,C:\Temp\USFS_SHEEP_DATA\Habitat_preference\Habitat_Pref.gdb\Asotin_included_hab_pref,YRRAM,-1,-1;I "I" true true false 2 Short 0 0 ,First,#,C:\Temp\USFS_SHEEP_DATA\Habitat_preference\Habitat_Pref.gdb\Asotin_included_hab_pref,I,-1,-1;II "II" true true false 2 Short 0 0 ,First,#,C:\Temp\USFS_SHEEP_DATA\Habitat_preference\Habitat_Pref.gdb\Asotin_included_hab_pref,II,-1,-1;III "III" true true false 2 Short 0 0 ,First,#,C:\Temp\USFS_SHEEP_DATA\Habitat_preference\Habitat_Pref.gdb\Asotin_included_hab_pref,III,-1,-1;IIIB "IIIB" true true false 4 Text 0 0 ,First,#,C:\Temp\USFS_SHEEP_DATA\Habitat_preference\Habitat_Pref.gdb\Asotin_included_hab_pref,IIIB,-1,-1;IV "IV" true true false 2 Short 0 0 ,First,#,C:\Temp\USFS_SHEEP_DATA\Habitat_preference\Habitat_Pref.gdb\Asotin_included_hab_pref,IV,-1,-1;ACTIVITY "ACTIVITY" true true false 9 Text 0 0 ,First,#,C:\Temp\USFS_SHEEP_DATA\Habitat_preference\Habitat_Pref.gdb\Asotin_included_hab_pref,ACTIVITY,-1,-1;COND "COND" true true false 9 Text 0 0 ,First,#,C:\Temp\USFS_SHEEP_DATA\Habitat_preference\Habitat_Pref.gdb\Asotin_included_hab_pref,COND,-1,-1;MOLT "MOLT" true true false 9 Text 0 0 ,First,#,C:\Temp\USFS_SHEEP_DATA\Habitat_preference\Habitat_Pref.gdb\Asotin_included_hab_pref,MOLT,-1,-1;SCABIES "SCABIES" true true false 9 Text 0 0 ,First,#,C:\Temp\USFS_SHEEP_DATA\Habitat_preference\Habitat_Pref.gdb\Asotin_included_hab_pref,SCABIES,-1,-1;COMMENTS "COMMENTS" true true false 9 Text 0 0 ,First,#,C:\Temp\USFS_SHEEP_DATA\Habitat_preference\Habitat_Pref.gdb\Asotin_included_hab_pref,COMMENTS,-1,-1;YEAR "YEAR" true true false 4 Long 0 0 ,First,#,C:\Temp\USFS_SHEEP_DATA\Habitat_preference\Habitat_Pref.gdb\Asotin_included_hab_pref,YEAR,-1,-1;MONTH "MONTH" true true false 4 Long 0 0 ,First,#,C:\Temp\USFS_SHEEP_DATA\Habitat_preference\Habitat_Pref.gdb\Asotin_included_hab_pref,MONTH,-1,-1;HERD "HERD" true true false 9 Text 0 0 ,First,#,C:\Temp\USFS_SHEEP_DATA\Habitat_preference\Habitat_Pref.gdb\Asotin_included_hab_pref,HERD,-1,-1;Herd2 "Herd2" true true false 50 Text 0 0 ,First,#,C:\Temp\USFS_SHEEP_DATA\Habitat_preference\Habitat_Pref.gdb\Asotin_included_hab_pref,Herd2,-1,-1;Animal_ID "Animal_ID" true true false 50 Text 0 0 ,First,#,C:\Temp\USFS_SHEEP_DATA\Habitat_preference\Habitat_Pref.gdb\Asotin_included_hab_pref,Animal_ID,-1,-1;as_prob "as_prob" true true false 4 Long 0 0 ,First,#,C:\Temp\USFS_SHEEP_DATA\Habitat_preference\Habitat_Pref.gdb\Asotin_included_hab_pref,as_prob,-1,-1;Rowid_ "Rowid_" true true false 4 Long 0 0 ,First,#,C:\Temp\USFS_SHEEP_DATA\Habitat_preference\Habitat_Pref.gdb\Asotin_included_hab_pref,Rowid,-1,-1;VALUE "VALUE" true true true 4 Long 0 0 ,First,#,C:\Temp\USFS_SHEEP_DATA\Habitat_preference\Habitat_Pref.gdb\Asotin_included_hab_pref,VALUE,-1,-1;COUNT "COUNT" true true true 4 Long 0 0 ,First,#,C:\Temp\USFS_SHEEP_DATA\Habitat_preference\Habitat_Pref.gdb\Asotin_included_hab_pref,COUNT,-1,-1;AS_PBAND "AS_PBAND" true true false 4 Long 0 0 ,First,#,C:\Temp\USFS_SHEEP_DATA\Habitat_preference\Habitat_Pref.gdb\Asotin_included_hab_pref,AS_PBAND,-1,-1;HAB_PREF "HAB_PREF" true true false 4 Long 0 0 ,First,#,C:\Temp\USFS_SHEEP_DATA\Habitat_preference\Habitat_Pref.gdb\Asotin_included_hab_pref,HAB_PREF,-1,-1;HABITAT_PR "HABITAT_PR" true true false 8 Double 0 0 ,First,#,C:\Temp\USFS_SHEEP_DATA\Habitat_preference\Habitat_Pref.gdb\Asotin_included_hab_pref,HABITAT_PREF,-1,-1" #</Process></lineage></DataProperties><SyncDate>20120111</SyncDate><SyncTime>11252600</SyncTime><ModDate>20120111</ModDate><ModTime>11252600</ModTime></Esri><dataIdInfo><envirDesc Sync="TRUE">Microsoft Windows XP Version 5.1 (Build 2600) Service Pack 3; ESRI ArcGIS 10.0.2.3200</envirDesc><dataLang><languageCode value="en" country="US"></languageCode></dataLang><idCitation><resTitle Sync="TRUE">testfull</resTitle><presForm><PresFormCd value="005"></PresFormCd></presForm></idCitation><descKeys><thesaName uuidref="723f6998-058e-11dc-8314-0800200c9a66"></thesaName><keyword Sync="TRUE">002</keyword></descKeys><spatRpType><SpatRepTypCd value="001"></SpatRepTypCd></spatRpType></dataIdInfo><mdLang><languageCode value="en"></languageCode></mdLang><mdChar><CharSetCd value="004"></CharSetCd></mdChar><distInfo><distFormat><formatName Sync="TRUE">Shapefile</formatName></distFormat><distTranOps><transSize Sync="TRUE">0.000</transSize></distTranOps></distInfo><mdHrLv><ScopeCd value="005"></ScopeCd></mdHrLv><mdHrLvName Sync="TRUE">dataset</mdHrLvName><refSysInfo><RefSystem><refSysID><identCode code="26911"></identCode><idCodeSpace Sync="TRUE">EPSG</idCodeSpace><idVersion Sync="TRUE">7.4.1</idVersion></refSysID></RefSystem></refSysInfo><spdoinfo><ptvctinf><esriterm Name="testfull"><efeatyp Sync="TRUE">Simple</efeatyp><efeageom Sync="TRUE">1</efeageom><esritopo Sync="TRUE">FALSE</esritopo><efeacnt Sync="TRUE">0</efeacnt><spindex Sync="TRUE">FALSE</spindex><linrefer Sync="TRUE">FALSE</linrefer></esriterm></ptvctinf></spdoinfo><spatRepInfo><VectSpatRep><topLvl><TopoLevCd value="001"></TopoLevCd></topLvl><geometObjs><geoObjTyp><GeoObjTypCd value="004"></GeoObjTypCd><geoObjCnt Sync="TRUE">0</geoObjCnt></geoObjTyp></geometObjs></VectSpatRep></spatRepInfo><eainfo><detailed Name="testfull"><enttyp><enttypl Sync="TRUE">testfull</enttypl><enttypt Sync="TRUE">Feature Class</enttypt><enttypc Sync="TRUE">0</enttypc></enttyp><attr><attrlabl Sync="TRUE">FID</attrlabl><attalias Sync="TRUE">FID</attalias><attrtype Sync="TRUE">OID</attrtype><attwidth Sync="TRUE">4</attwidth><atprecis Sync="TRUE">0</atprecis><attscale Sync="TRUE">0</attscale><attrdef Sync="TRUE">Internal feature number.</attrdef><attrdefs Sync="TRUE">ESRI</attrdefs><attrdomv><udom Sync="TRUE">Sequential unique whole numbers that are automatically generated.</udom></attrdomv></attr><attr><attrlabl Sync="TRUE">Shape</attrlabl><attalias Sync="TRUE">Shape</attalias><attrtype Sync="TRUE">Geometry</attrtype><attwidth Sync="TRUE">0</attwidth><atprecis Sync="TRUE">0</atprecis><attscale Sync="TRUE">0</attscale><attrdef Sync="TRUE">Feature geometry.</attrdef><attrdefs Sync="TRUE">ESRI</attrdefs><attrdomv><udom Sync="TRUE">Coordinates defining the features.</udom></attrdomv></attr><attr><attrlabl Sync="TRUE">OBJECTID</attrlabl><attalias Sync="TRUE">OBJECTID</attalias><attrtype Sync="TRUE">Integer</attrtype><attwidth Sync="TRUE">9</attwidth><atprecis Sync="TRUE">9</atprecis><attscale Sync="TRUE">0</attscale></attr><attr><attrlabl Sync="TRUE">TYPE</attrlabl><attalias Sync="TRUE">TYPE</attalias><attrtype Sync="TRUE">String</attrtype><attwidth Sync="TRUE">9</attwidth><atprecis Sync="TRUE">0</atprecis><attscale Sync="TRUE">0</attscale></attr><attr><attrlabl Sync="TRUE">DATE_</attrlabl><attalias Sync="TRUE">DATE_</attalias><attrtype Sync="TRUE">Date</attrtype><attwidth Sync="TRUE">8</attwidth><atprecis Sync="TRUE">0</atprecis><attscale Sync="TRUE">0</attscale></attr><attr><attrlabl Sync="TRUE">TIME</attrlabl><attalias Sync="TRUE">TIME</attalias><attrtype Sync="TRUE">Integer</attrtype><attwidth Sync="TRUE">9</attwidth><atprecis Sync="TRUE">9</atprecis><attscale Sync="TRUE">0</attscale></attr><attr><attrlabl Sync="TRUE">FREQ</attrlabl><attalias Sync="TRUE">FREQ</attalias><attrtype Sync="TRUE">Double</attrtype><attwidth Sync="TRUE">19</attwidth><atprecis Sync="TRUE">0</atprecis><attscale Sync="TRUE">0</attscale></attr><attr><attrlabl Sync="TRUE">ID</attrlabl><attalias Sync="TRUE">ID</attalias><attrtype Sync="TRUE">String</attrtype><attwidth Sync="TRUE">12</attwidth><atprecis Sync="TRUE">0</atprecis><attscale Sync="TRUE">0</attscale></attr><attr><attrlabl Sync="TRUE">LOCATION</attrlabl><attalias Sync="TRUE">LOCATION</attalias><attrtype Sync="TRUE">String</attrtype><attwidth Sync="TRUE">74</attwidth><atprecis Sync="TRUE">0</atprecis><attscale Sync="TRUE">0</attscale></attr><attr><attrlabl Sync="TRUE">POINT_X</attrlabl><attalias Sync="TRUE">POINT_X</attalias><attrtype Sync="TRUE">Double</attrtype><attwidth Sync="TRUE">19</attwidth><atprecis Sync="TRUE">0</atprecis><attscale Sync="TRUE">0</attscale></attr><attr><attrlabl Sync="TRUE">POINT_Y</attrlabl><attalias Sync="TRUE">POINT_Y</attalias><attrtype Sync="TRUE">Double</attrtype><attwidth Sync="TRUE">19</attwidth><atprecis Sync="TRUE">0</atprecis><attscale Sync="TRUE">0</attscale></attr><attr><attrlabl Sync="TRUE">VISUAL</attrlabl><attalias Sync="TRUE">VISUAL</attalias><attrtype Sync="TRUE">String</attrtype><attwidth Sync="TRUE">7</attwidth><atprecis Sync="TRUE">0</atprecis><attscale Sync="TRUE">0</attscale></attr><attr><attrlabl Sync="TRUE">GRPSZ</attrlabl><attalias Sync="TRUE">GRPSZ</attalias><attrtype Sync="TRUE">Integer</attrtype><attwidth Sync="TRUE">9</attwidth><atprecis Sync="TRUE">9</atprecis><attscale Sync="TRUE">0</attscale></attr><attr><attrlabl Sync="TRUE">EWE</attrlabl><attalias Sync="TRUE">EWE</attalias><attrtype Sync="TRUE">Integer</attrtype><attwidth Sync="TRUE">9</attwidth><atprecis Sync="TRUE">9</atprecis><attscale Sync="TRUE">0</attscale></attr><attr><attrlabl Sync="TRUE">YEWE</attrlabl><attalias Sync="TRUE">YEWE</attalias><attrtype Sync="TRUE">String</attrtype><attwidth Sync="TRUE">6</attwidth><atprecis Sync="TRUE">0</atprecis><attscale Sync="TRUE">0</attscale></attr><attr><attrlabl Sync="TRUE">LAMB</attrlabl><attalias Sync="TRUE">LAMB</attalias><attrtype Sync="TRUE">Integer</attrtype><attwidth Sync="TRUE">9</attwidth><atprecis Sync="TRUE">9</atprecis><attscale Sync="TRUE">0</attscale></attr><attr><attrlabl Sync="TRUE">YRRAM</attrlabl><attalias Sync="TRUE">YRRAM</attalias><attrtype Sync="TRUE">String</attrtype><attwidth Sync="TRUE">7</attwidth><atprecis Sync="TRUE">0</atprecis><attscale Sync="TRUE">0</attscale></attr><attr><attrlabl Sync="TRUE">I</attrlabl><attalias Sync="TRUE">I</attalias><attrtype Sync="TRUE">SmallInteger</attrtype><attwidth Sync="TRUE">4</attwidth><atprecis Sync="TRUE">4</atprecis><attscale Sync="TRUE">0</attscale></attr><attr><attrlabl Sync="TRUE">II</attrlabl><attalias Sync="TRUE">II</attalias><attrtype Sync="TRUE">SmallInteger</attrtype><attwidth Sync="TRUE">4</attwidth><atprecis Sync="TRUE">4</atprecis><attscale Sync="TRUE">0</attscale></attr><attr><attrlabl Sync="TRUE">III</attrlabl><attalias Sync="TRUE">III</attalias><attrtype Sync="TRUE">SmallInteger</attrtype><attwidth Sync="TRUE">4</attwidth><atprecis Sync="TRUE">4</atprecis><attscale Sync="TRUE">0</attscale></attr><attr><attrlabl Sync="TRUE">IIIB</attrlabl><attalias Sync="TRUE">IIIB</attalias><attrtype Sync="TRUE">String</attrtype><attwidth Sync="TRUE">4</attwidth><atprecis Sync="TRUE">0</atprecis><attscale Sync="TRUE">0</attscale></attr><attr><attrlabl Sync="TRUE">IV</attrlabl><attalias Sync="TRUE">IV</attalias><attrtype Sync="TRUE">SmallInteger</attrtype><attwidth Sync="TRUE">4</attwidth><atprecis Sync="TRUE">4</atprecis><attscale Sync="TRUE">0</attscale></attr><attr><attrlabl Sync="TRUE">ACTIVITY</attrlabl><attalias Sync="TRUE">ACTIVITY</attalias><attrtype Sync="TRUE">String</attrtype><attwidth Sync="TRUE">9</attwidth><atprecis Sync="TRUE">0</atprecis><attscale Sync="TRUE">0</attscale></attr><attr><attrlabl Sync="TRUE">COND</attrlabl><attalias Sync="TRUE">COND</attalias><attrtype Sync="TRUE">String</attrtype><attwidth Sync="TRUE">9</attwidth><atprecis Sync="TRUE">0</atprecis><attscale Sync="TRUE">0</attscale></attr><attr><attrlabl Sync="TRUE">MOLT</attrlabl><attalias Sync="TRUE">MOLT</attalias><attrtype Sync="TRUE">String</attrtype><attwidth Sync="TRUE">9</attwidth><atprecis Sync="TRUE">0</atprecis><attscale Sync="TRUE">0</attscale></attr><attr><attrlabl Sync="TRUE">SCABIES</attrlabl><attalias Sync="TRUE">SCABIES</attalias><attrtype Sync="TRUE">String</attrtype><attwidth Sync="TRUE">9</attwidth><atprecis Sync="TRUE">0</atprecis><attscale Sync="TRUE">0</attscale></attr><attr><attrlabl Sync="TRUE">COMMENTS</attrlabl><attalias Sync="TRUE">COMMENTS</attalias><attrtype Sync="TRUE">String</attrtype><attwidth Sync="TRUE">9</attwidth><atprecis Sync="TRUE">0</atprecis><attscale Sync="TRUE">0</attscale></attr><attr><attrlabl Sync="TRUE">YEAR</attrlabl><attalias Sync="TRUE">YEAR</attalias><attrtype Sync="TRUE">Integer</attrtype><attwidth Sync="TRUE">9</attwidth><atprecis Sync="TRUE">9</atprecis><attscale Sync="TRUE">0</attscale></attr><attr><attrlabl Sync="TRUE">MONTH</attrlabl><attalias Sync="TRUE">MONTH</attalias><attrtype Sync="TRUE">Integer</attrtype><attwidth Sync="TRUE">9</attwidth><atprecis Sync="TRUE">9</atprecis><attscale Sync="TRUE">0</attscale></attr><attr><attrlabl Sync="TRUE">HERD</attrlabl><attalias Sync="TRUE">HERD</attalias><attrtype Sync="TRUE">String</attrtype><attwidth Sync="TRUE">9</attwidth><atprecis Sync="TRUE">0</atprecis><attscale Sync="TRUE">0</attscale></attr><attr><attrlabl Sync="TRUE">Herd2</attrlabl><attalias Sync="TRUE">Herd2</attalias><attrtype Sync="TRUE">String</attrtype><attwidth Sync="TRUE">50</attwidth><atprecis Sync="TRUE">0</atprecis><attscale Sync="TRUE">0</attscale></attr><attr><attrlabl Sync="TRUE">Animal_ID</attrlabl><attalias Sync="TRUE">Animal_ID</attalias><attrtype Sync="TRUE">String</attrtype><attwidth Sync="TRUE">50</attwidth><atprecis Sync="TRUE">0</atprecis><attscale Sync="TRUE">0</attscale></attr><attr><attrlabl Sync="TRUE">as_prob</attrlabl><attalias Sync="TRUE">as_prob</attalias><attrtype Sync="TRUE">Integer</attrtype><attwidth Sync="TRUE">9</attwidth><atprecis Sync="TRUE">9</atprecis><attscale Sync="TRUE">0</attscale></attr><attr><attrlabl Sync="TRUE">Rowid_</attrlabl><attalias Sync="TRUE">Rowid_</attalias><attrtype Sync="TRUE">Integer</attrtype><attwidth Sync="TRUE">9</attwidth><atprecis Sync="TRUE">9</atprecis><attscale Sync="TRUE">0</attscale></attr><attr><attrlabl Sync="TRUE">VALUE</attrlabl><attalias Sync="TRUE">VALUE</attalias><attrtype Sync="TRUE">Integer</attrtype><attwidth Sync="TRUE">9</attwidth><atprecis Sync="TRUE">9</atprecis><attscale Sync="TRUE">0</attscale></attr><attr><attrlabl Sync="TRUE">COUNT</attrlabl><attalias Sync="TRUE">COUNT</attalias><attrtype Sync="TRUE">Integer</attrtype><attwidth Sync="TRUE">9</attwidth><atprecis Sync="TRUE">9</atprecis><attscale Sync="TRUE">0</attscale></attr><attr><attrlabl Sync="TRUE">AS_PBAND</attrlabl><attalias Sync="TRUE">AS_PBAND</attalias><attrtype Sync="TRUE">Integer</attrtype><attwidth Sync="TRUE">9</attwidth><atprecis Sync="TRUE">9</atprecis><attscale Sync="TRUE">0</attscale></attr><attr><attrlabl Sync="TRUE">HAB_PREF</attrlabl><attalias Sync="TRUE">HAB_PREF</attalias><attrtype Sync="TRUE">Integer</attrtype><attwidth Sync="TRUE">9</attwidth><atprecis Sync="TRUE">9</atprecis><attscale Sync="TRUE">0</attscale></attr><attr><attrlabl Sync="TRUE">HABITAT_PR</attrlabl><attalias Sync="TRUE">HABITAT_PR</attalias><attrtype Sync="TRUE">Double</attrtype><attwidth Sync="TRUE">19</attwidth><atprecis Sync="TRUE">0</atprecis><attscale Sync="TRUE">0</attscale></attr></detailed></eainfo><mdDateSt Sync="TRUE">20120111</mdDateSt></metadata>
